Column1,t1,t2,norm.dist,dataset,pair
1,all,pass,0.350775507,Bergsten_2013,all-pass
2,all,fail,0.62617817,Bergsten_2013,all-fail
3,pass,fail,0.700816969,Bergsten_2013,pass-fail
4,all,pass,0.477692851,Bergsten_2013,all-pass
5,all,fail,0.315304731,Bergsten_2013,all-fail
6,pass,fail,0.594093809,Bergsten_2013,pass-fail
7,all,pass,0.443446135,Bergsten_2013,all-pass
8,all,fail,0.281930091,Bergsten_2013,all-fail
9,pass,fail,0.51589486,Bergsten_2013,pass-fail
10,all,pass,0.444710882,Bergsten_2013,all-pass
11,all,fail,0.304335457,Bergsten_2013,all-fail
12,pass,fail,0.557947723,Bergsten_2013,pass-fail
13,all,pass,0.228585385,Bergsten_2013,all-pass
14,all,fail,0.483387633,Bergsten_2013,all-fail
15,pass,fail,0.524298206,Bergsten_2013,pass-fail
16,all,pass,0.483661629,Bergsten_2013,all-pass
17,all,fail,0.70001212,Bergsten_2013,all-fail
18,pass,fail,0.930939803,Bergsten_2013,pass-fail
19,all,pass,0.440199597,Bergsten_2013,all-pass
20,all,fail,0.303581166,Bergsten_2013,all-fail
21,pass,fail,0.561485068,Bergsten_2013,pass-fail
22,all,pass,0,Bergsten_2013,all-pass
23,all,fail,1.337105708,Bergsten_2013,all-fail
24,pass,fail,1.328505434,Bergsten_2013,pass-fail
25,all,pass,0.323100213,Bergsten_2013,all-pass
26,all,fail,0.633304922,Bergsten_2013,all-fail
27,pass,fail,0.74407476,Bergsten_2013,pass-fail
28,all,pass,0.394796004,Bergsten_2013,all-pass
29,all,fail,0.47914874,Bergsten_2013,all-fail
30,pass,fail,0.644546887,Bergsten_2013,pass-fail
31,all,pass,0.280661854,Bergsten_2013,all-pass
32,all,fail,0.539374547,Bergsten_2013,all-fail
33,pass,fail,0.614081257,Bergsten_2013,pass-fail
34,all,pass,0.724904082,Bergsten_2013,all-pass
35,all,fail,0.189083549,Bergsten_2013,all-fail
36,pass,fail,0.810527957,Bergsten_2013,pass-fail
37,all,pass,0.280275621,Bergsten_2013,all-pass
38,all,fail,0.48584608,Bergsten_2013,all-fail
39,pass,fail,0.568008832,Bergsten_2013,pass-fail
40,all,pass,0.187489725,Bergsten_2013,all-pass
41,all,fail,0.790497017,Bergsten_2013,all-fail
42,pass,fail,0.850535242,Bergsten_2013,pass-fail
43,all,pass,0.186830514,Bergsten_2013,all-pass
44,all,fail,0.805507353,Bergsten_2013,all-fail
45,pass,fail,0.852030604,Bergsten_2013,pass-fail
46,all,pass,0.365291191,Bergsten_2013,all-pass
47,all,fail,0.663547827,Bergsten_2013,all-fail
48,pass,fail,0.777578763,Bergsten_2013,pass-fail
49,all,pass,0.64422812,Bergsten_2013,all-pass
50,all,fail,0.327080523,Bergsten_2013,all-fail
51,pass,fail,0.770020424,Bergsten_2013,pass-fail
52,all,pass,0.473047479,Bergsten_2013,all-pass
53,all,fail,0.37397904,Bergsten_2013,all-fail
54,pass,fail,0.681199941,Bergsten_2013,pass-fail
55,all,pass,0.349875169,Bergsten_2013,all-pass
56,all,fail,0.759194856,Bergsten_2013,all-fail
57,pass,fail,0.968227209,Bergsten_2013,pass-fail
58,all,pass,0.202576608,Bergsten_2013,all-pass
59,all,fail,0.768358698,Bergsten_2013,all-fail
60,pass,fail,0.840620175,Bergsten_2013,pass-fail
61,all,pass,0.163008384,Broughton_2013,all-pass
62,all,fail,0.174979357,Broughton_2013,all-fail
63,pass,fail,0.231074295,Broughton_2013,pass-fail
64,all,pass,0.233551416,Broughton_2013,all-pass
65,all,fail,0.149024489,Broughton_2013,all-fail
66,pass,fail,0.244391264,Broughton_2013,pass-fail
67,all,pass,0.308422176,Broughton_2013,all-pass
68,all,fail,0.143401546,Broughton_2013,all-fail
69,pass,fail,0.302756832,Broughton_2013,pass-fail
70,all,pass,0.263659714,Broughton_2013,all-pass
71,all,fail,0,Broughton_2013,all-fail
72,pass,fail,0.263699662,Broughton_2013,pass-fail
73,all,pass,0.411057619,Broughton_2013,all-pass
74,all,fail,0,Broughton_2013,all-fail
75,pass,fail,0.409694635,Broughton_2013,pass-fail
76,all,pass,0.320221409,Broughton_2013,all-pass
77,all,fail,0.080438674,Broughton_2013,all-fail
78,pass,fail,0.294236275,Broughton_2013,pass-fail
79,all,pass,0.22960586,Broughton_2013,all-pass
80,all,fail,0.123847731,Broughton_2013,all-fail
81,pass,fail,0.265282319,Broughton_2013,pass-fail
82,all,pass,0.319531847,Broughton_2013,all-pass
83,all,fail,0.180266161,Broughton_2013,all-fail
84,pass,fail,0.343714029,Broughton_2013,pass-fail
85,all,pass,0.274264027,Broughton_2013,all-pass
86,all,fail,0.063151838,Broughton_2013,all-fail
87,pass,fail,0.290809066,Broughton_2013,pass-fail
88,all,pass,0.217798856,Broughton_2013,all-pass
89,all,fail,0.171739299,Broughton_2013,all-fail
90,pass,fail,0.291650458,Broughton_2013,pass-fail
91,all,pass,0.219355286,Broughton_2013,all-pass
92,all,fail,0.177585579,Broughton_2013,all-fail
93,pass,fail,0.240918804,Broughton_2013,pass-fail
94,all,pass,0.253315338,Broughton_2013,all-pass
95,all,fail,0.072267425,Broughton_2013,all-fail
96,pass,fail,0.258437475,Broughton_2013,pass-fail
97,all,pass,0.252700968,Broughton_2013,all-pass
98,all,fail,0.154801753,Broughton_2013,all-fail
99,pass,fail,0.261373562,Broughton_2013,pass-fail
100,all,pass,0.263267248,Broughton_2013,all-pass
101,all,fail,0.17432122,Broughton_2013,all-fail
102,pass,fail,0.310419723,Broughton_2013,pass-fail
103,all,pass,0.155849005,Broughton_2013,all-pass
104,all,fail,0.133250139,Broughton_2013,all-fail
105,pass,fail,0.204571892,Broughton_2013,pass-fail
106,all,pass,0.190548226,Broughton_2013,all-pass
107,all,fail,0.165105541,Broughton_2013,all-fail
108,pass,fail,0.251143746,Broughton_2013,pass-fail
109,all,pass,NA,Broughton_2013,all-pass
110,all,fail,NA,Broughton_2013,all-fail
111,pass,fail,NA,Broughton_2013,pass-fail
112,all,pass,0.270783845,Broughton_2013,all-pass
113,all,fail,0.133391806,Broughton_2013,all-fail
114,pass,fail,0.239312778,Broughton_2013,pass-fail
115,all,pass,0.249493483,Broughton_2013,all-pass
116,all,fail,0.164942184,Broughton_2013,all-fail
117,pass,fail,0.307178417,Broughton_2013,pass-fail
118,all,pass,0.392683267,Broughton_2013,all-pass
119,all,fail,0,Broughton_2013,all-fail
120,pass,fail,0.3918143,Broughton_2013,pass-fail
121,all,pass,NA,Brown_2012,all-pass
122,all,fail,NA,Brown_2012,all-fail
123,pass,fail,NA,Brown_2012,pass-fail
124,all,pass,0.311290101,Brown_2012,all-pass
125,all,fail,0.438593976,Brown_2012,all-fail
126,pass,fail,0.566765591,Brown_2012,pass-fail
127,all,pass,0.28124994,Brown_2012,all-pass
128,all,fail,0.322142389,Brown_2012,all-fail
129,pass,fail,0.428058318,Brown_2012,pass-fail
130,all,pass,0.21537805,Brown_2012,all-pass
131,all,fail,0.489599597,Brown_2012,all-fail
132,pass,fail,0.554401847,Brown_2012,pass-fail
133,all,pass,0.311671633,Brown_2012,all-pass
134,all,fail,0.423690101,Brown_2012,all-fail
135,pass,fail,0.566378017,Brown_2012,pass-fail
136,all,pass,NA,Brown_2012,all-pass
137,all,fail,NA,Brown_2012,all-fail
138,pass,fail,NA,Brown_2012,pass-fail
139,all,pass,0.222528267,Brown_2012,all-pass
140,all,fail,0.312254711,Brown_2012,all-fail
141,pass,fail,0.368641651,Brown_2012,pass-fail
142,all,pass,NA,Brown_2012,all-pass
143,all,fail,NA,Brown_2012,all-fail
144,pass,fail,NA,Brown_2012,pass-fail
145,all,pass,0.377156557,Brown_2012,all-pass
146,all,fail,0.381674321,Brown_2012,all-fail
147,pass,fail,0.600882894,Brown_2012,pass-fail
148,all,pass,NA,Brown_2012,all-pass
149,all,fail,NA,Brown_2012,all-fail
150,pass,fail,NA,Brown_2012,pass-fail
151,all,pass,0.268212762,Brown_2012,all-pass
152,all,fail,0.321751078,Brown_2012,all-fail
153,pass,fail,0.415623127,Brown_2012,pass-fail
154,all,pass,NA,Brown_2012,all-pass
155,all,fail,NA,Brown_2012,all-fail
156,pass,fail,NA,Brown_2012,pass-fail
157,all,pass,NA,Brown_2012,all-pass
158,all,fail,NA,Brown_2012,all-fail
159,pass,fail,NA,Brown_2012,pass-fail
160,all,pass,0.434281221,Brown_2012,all-pass
161,all,fail,0.384450713,Brown_2012,all-fail
162,pass,fail,0.611019362,Brown_2012,pass-fail
163,all,pass,NA,Brown_2012,all-pass
164,all,fail,NA,Brown_2012,all-fail
165,pass,fail,NA,Brown_2012,pass-fail
166,all,pass,NA,Brown_2012,all-pass
167,all,fail,NA,Brown_2012,all-fail
168,pass,fail,NA,Brown_2012,pass-fail
169,all,pass,0.219228837,Brown_2012,all-pass
170,all,fail,0.535831896,Brown_2012,all-fail
171,pass,fail,0.492063938,Brown_2012,pass-fail
172,all,pass,NA,Brown_2012,all-pass
173,all,fail,NA,Brown_2012,all-fail
174,pass,fail,NA,Brown_2012,pass-fail
175,all,pass,NA,Brown_2012,all-pass
176,all,fail,NA,Brown_2012,all-fail
177,pass,fail,NA,Brown_2012,pass-fail
178,all,pass,NA,Brown_2012,all-pass
179,all,fail,NA,Brown_2012,all-fail
180,pass,fail,NA,Brown_2012,pass-fail
181,all,pass,0.162924484,Cannon_2016a,all-pass
182,all,fail,0.246027673,Cannon_2016a,all-fail
183,pass,fail,0.281284351,Cannon_2016a,pass-fail
184,all,pass,0.192109523,Cannon_2016a,all-pass
185,all,fail,0.147954206,Cannon_2016a,all-fail
186,pass,fail,0.229805499,Cannon_2016a,pass-fail
187,all,pass,0.161871193,Cannon_2016a,all-pass
188,all,fail,0.270235908,Cannon_2016a,all-fail
189,pass,fail,0.315949129,Cannon_2016a,pass-fail
190,all,pass,0.196871421,Cannon_2016a,all-pass
191,all,fail,0.138266303,Cannon_2016a,all-fail
192,pass,fail,0.195056878,Cannon_2016a,pass-fail
193,all,pass,0.165572738,Cannon_2016a,all-pass
194,all,fail,0.18972497,Cannon_2016a,all-fail
195,pass,fail,0.276162479,Cannon_2016a,pass-fail
196,all,pass,0.06872216,Cannon_2016a,all-pass
197,all,fail,0.2753872,Cannon_2016a,all-fail
198,pass,fail,0.284177702,Cannon_2016a,pass-fail
199,all,pass,0.154617764,Cannon_2016a,all-pass
200,all,fail,0.210406036,Cannon_2016a,all-fail
201,pass,fail,0.243152332,Cannon_2016a,pass-fail
202,all,pass,0.111014007,Cannon_2016a,all-pass
203,all,fail,0.250516666,Cannon_2016a,all-fail
204,pass,fail,0.265693739,Cannon_2016a,pass-fail
205,all,pass,0.115770471,Cannon_2016a,all-pass
206,all,fail,0.241533672,Cannon_2016a,all-fail
207,pass,fail,0.284132602,Cannon_2016a,pass-fail
208,all,pass,0.125733179,Cannon_2016a,all-pass
209,all,fail,0.212170148,Cannon_2016a,all-fail
210,pass,fail,0.229140456,Cannon_2016a,pass-fail
211,all,pass,0.148120463,Cannon_2016a,all-pass
212,all,fail,0.340162013,Cannon_2016a,all-fail
213,pass,fail,0.3525201,Cannon_2016a,pass-fail
214,all,pass,0.11637327,Cannon_2016a,all-pass
215,all,fail,0.244763511,Cannon_2016a,all-fail
216,pass,fail,0.247261323,Cannon_2016a,pass-fail
217,all,pass,0.177540681,Cannon_2016a,all-pass
218,all,fail,0.188568658,Cannon_2016a,all-fail
219,pass,fail,0.23807025,Cannon_2016a,pass-fail
220,all,pass,0.08522656,Cannon_2016a,all-pass
221,all,fail,0.249566992,Cannon_2016a,all-fail
222,pass,fail,0.223320242,Cannon_2016a,pass-fail
223,all,pass,0.213486879,Cannon_2016a,all-pass
224,all,fail,0.220566388,Cannon_2016a,all-fail
225,pass,fail,0.268386482,Cannon_2016a,pass-fail
226,all,pass,0.165942516,Cannon_2016a,all-pass
227,all,fail,0.31732641,Cannon_2016a,all-fail
228,pass,fail,0.3216962,Cannon_2016a,pass-fail
229,all,pass,0.114076814,Cannon_2016a,all-pass
230,all,fail,0.349605571,Cannon_2016a,all-fail
231,pass,fail,0.366552837,Cannon_2016a,pass-fail
232,all,pass,0.094952888,Cannon_2016a,all-pass
233,all,fail,0.331463571,Cannon_2016a,all-fail
234,pass,fail,0.353518366,Cannon_2016a,pass-fail
235,all,pass,0.146762248,Cannon_2016a,all-pass
236,all,fail,0.38605384,Cannon_2016a,all-fail
237,pass,fail,0.368659892,Cannon_2016a,pass-fail
238,all,pass,0.180860603,Cannon_2016a,all-pass
239,all,fail,0.214504452,Cannon_2016a,all-fail
240,pass,fail,0.275021785,Cannon_2016a,pass-fail
241,all,pass,0,Cognato_2001,all-pass
242,all,fail,0.609140732,Cognato_2001,all-fail
243,pass,fail,0.606510767,Cognato_2001,pass-fail
244,all,pass,0.29528961,Cognato_2001,all-pass
245,all,fail,0.480631299,Cognato_2001,all-fail
246,pass,fail,0.587102797,Cognato_2001,pass-fail
247,all,pass,0,Cognato_2001,all-pass
248,all,fail,0.744754112,Cognato_2001,all-fail
249,pass,fail,0.747424376,Cognato_2001,pass-fail
250,all,pass,0,Cognato_2001,all-pass
251,all,fail,0.576693828,Cognato_2001,all-fail
252,pass,fail,0.574832817,Cognato_2001,pass-fail
253,all,pass,0.12914284,Cognato_2001,all-pass
254,all,fail,0.605065029,Cognato_2001,all-fail
255,pass,fail,0.653982269,Cognato_2001,pass-fail
256,all,pass,0,Cognato_2001,all-pass
257,all,fail,1.272002619,Cognato_2001,all-fail
258,pass,fail,1.268206785,Cognato_2001,pass-fail
259,all,pass,0.240387431,Cognato_2001,all-pass
260,all,fail,0.426930573,Cognato_2001,all-fail
261,pass,fail,0.544767946,Cognato_2001,pass-fail
262,all,pass,0.346581438,Cognato_2001,all-pass
263,all,fail,0.442307617,Cognato_2001,all-fail
264,pass,fail,0.475864604,Cognato_2001,pass-fail
265,all,pass,0.302063069,Cognato_2001,all-pass
266,all,fail,0.427395745,Cognato_2001,all-fail
267,pass,fail,0.592462066,Cognato_2001,pass-fail
268,all,pass,0,Cognato_2001,all-pass
269,all,fail,0.869786673,Cognato_2001,all-fail
270,pass,fail,0.874332372,Cognato_2001,pass-fail
271,all,pass,0.129944981,Cognato_2001,all-pass
272,all,fail,0.58685915,Cognato_2001,all-fail
273,pass,fail,0.613674628,Cognato_2001,pass-fail
274,all,pass,0.129170675,Cognato_2001,all-pass
275,all,fail,0.77640984,Cognato_2001,all-fail
276,pass,fail,0.784400279,Cognato_2001,pass-fail
277,all,pass,0.344622763,Cognato_2001,all-pass
278,all,fail,0.501617908,Cognato_2001,all-fail
279,pass,fail,0.611183544,Cognato_2001,pass-fail
280,all,pass,0.129200543,Cognato_2001,all-pass
281,all,fail,0.749952197,Cognato_2001,all-fail
282,pass,fail,0.786153005,Cognato_2001,pass-fail
283,all,pass,0.535258257,Cognato_2001,all-pass
284,all,fail,0.368016267,Cognato_2001,all-fail
285,pass,fail,0.704728089,Cognato_2001,pass-fail
286,all,pass,0,Cognato_2001,all-pass
287,all,fail,1.234344953,Cognato_2001,all-fail
288,pass,fail,1.235135062,Cognato_2001,pass-fail
289,all,pass,0.561073497,Cognato_2001,all-pass
290,all,fail,0.358933689,Cognato_2001,all-fail
291,pass,fail,0.718025746,Cognato_2001,pass-fail
292,all,pass,0.128868935,Cognato_2001,all-pass
293,all,fail,0.731499554,Cognato_2001,all-fail
294,pass,fail,0.781234709,Cognato_2001,pass-fail
295,all,pass,0.342483321,Cognato_2001,all-pass
296,all,fail,0.512690723,Cognato_2001,all-fail
297,pass,fail,0.619704091,Cognato_2001,pass-fail
298,all,pass,0,Cognato_2001,all-pass
299,all,fail,0.809511165,Cognato_2001,all-fail
300,pass,fail,0.811159107,Cognato_2001,pass-fail
301,all,pass,0.15150218,Day_2013,all-pass
302,all,fail,1.189252873,Day_2013,all-fail
303,pass,fail,1.198555009,Day_2013,pass-fail
304,all,pass,NA,Day_2013,all-pass
305,all,fail,NA,Day_2013,all-fail
306,pass,fail,NA,Day_2013,pass-fail
307,all,pass,NA,Day_2013,all-pass
308,all,fail,NA,Day_2013,all-fail
309,pass,fail,NA,Day_2013,pass-fail
310,all,pass,NA,Day_2013,all-pass
311,all,fail,NA,Day_2013,all-fail
312,pass,fail,NA,Day_2013,pass-fail
313,all,pass,NA,Day_2013,all-pass
314,all,fail,NA,Day_2013,all-fail
315,pass,fail,NA,Day_2013,pass-fail
316,all,pass,NA,Day_2013,all-pass
317,all,fail,NA,Day_2013,all-fail
318,pass,fail,NA,Day_2013,pass-fail
319,all,pass,NA,Day_2013,all-pass
320,all,fail,NA,Day_2013,all-fail
321,pass,fail,NA,Day_2013,pass-fail
322,all,pass,NA,Day_2013,all-pass
323,all,fail,NA,Day_2013,all-fail
324,pass,fail,NA,Day_2013,pass-fail
325,all,pass,NA,Day_2013,all-pass
326,all,fail,NA,Day_2013,all-fail
327,pass,fail,NA,Day_2013,pass-fail
328,all,pass,NA,Day_2013,all-pass
329,all,fail,NA,Day_2013,all-fail
330,pass,fail,NA,Day_2013,pass-fail
331,all,pass,NA,Day_2013,all-pass
332,all,fail,NA,Day_2013,all-fail
333,pass,fail,NA,Day_2013,pass-fail
334,all,pass,NA,Day_2013,all-pass
335,all,fail,NA,Day_2013,all-fail
336,pass,fail,NA,Day_2013,pass-fail
337,all,pass,NA,Day_2013,all-pass
338,all,fail,NA,Day_2013,all-fail
339,pass,fail,NA,Day_2013,pass-fail
340,all,pass,NA,Day_2013,all-pass
341,all,fail,NA,Day_2013,all-fail
342,pass,fail,NA,Day_2013,pass-fail
343,all,pass,NA,Day_2013,all-pass
344,all,fail,NA,Day_2013,all-fail
345,pass,fail,NA,Day_2013,pass-fail
346,all,pass,NA,Day_2013,all-pass
347,all,fail,NA,Day_2013,all-fail
348,pass,fail,NA,Day_2013,pass-fail
349,all,pass,NA,Day_2013,all-pass
350,all,fail,NA,Day_2013,all-fail
351,pass,fail,NA,Day_2013,pass-fail
352,all,pass,NA,Day_2013,all-pass
353,all,fail,NA,Day_2013,all-fail
354,pass,fail,NA,Day_2013,pass-fail
355,all,pass,NA,Day_2013,all-pass
356,all,fail,NA,Day_2013,all-fail
357,pass,fail,NA,Day_2013,pass-fail
358,all,pass,NA,Day_2013,all-pass
359,all,fail,NA,Day_2013,all-fail
360,pass,fail,NA,Day_2013,pass-fail
361,all,pass,NA,Dornburg_2012,all-pass
362,all,fail,NA,Dornburg_2012,all-fail
363,pass,fail,NA,Dornburg_2012,pass-fail
364,all,pass,NA,Dornburg_2012,all-pass
365,all,fail,NA,Dornburg_2012,all-fail
366,pass,fail,NA,Dornburg_2012,pass-fail
367,all,pass,0.299666217,Dornburg_2012,all-pass
368,all,fail,0.458637035,Dornburg_2012,all-fail
369,pass,fail,0.526336722,Dornburg_2012,pass-fail
370,all,pass,0.263483196,Dornburg_2012,all-pass
371,all,fail,0.353420896,Dornburg_2012,all-fail
372,pass,fail,0.508718262,Dornburg_2012,pass-fail
373,all,pass,0.123519933,Dornburg_2012,all-pass
374,all,fail,0.535470417,Dornburg_2012,all-fail
375,pass,fail,0.543092985,Dornburg_2012,pass-fail
376,all,pass,0.080645273,Dornburg_2012,all-pass
377,all,fail,0.50274691,Dornburg_2012,all-fail
378,pass,fail,0.505593393,Dornburg_2012,pass-fail
379,all,pass,NA,Dornburg_2012,all-pass
380,all,fail,NA,Dornburg_2012,all-fail
381,pass,fail,NA,Dornburg_2012,pass-fail
382,all,pass,NA,Dornburg_2012,all-pass
383,all,fail,NA,Dornburg_2012,all-fail
384,pass,fail,NA,Dornburg_2012,pass-fail
385,all,pass,0.194603305,Dornburg_2012,all-pass
386,all,fail,0.543080922,Dornburg_2012,all-fail
387,pass,fail,0.585541731,Dornburg_2012,pass-fail
388,all,pass,0.297440487,Dornburg_2012,all-pass
389,all,fail,0.554254327,Dornburg_2012,all-fail
390,pass,fail,0.609074583,Dornburg_2012,pass-fail
391,all,pass,NA,Dornburg_2012,all-pass
392,all,fail,NA,Dornburg_2012,all-fail
393,pass,fail,NA,Dornburg_2012,pass-fail
394,all,pass,0,Dornburg_2012,all-pass
395,all,fail,1.00311704,Dornburg_2012,all-fail
396,pass,fail,0.999998723,Dornburg_2012,pass-fail
397,all,pass,0,Dornburg_2012,all-pass
398,all,fail,0.699658387,Dornburg_2012,all-fail
399,pass,fail,0.700655714,Dornburg_2012,pass-fail
400,all,pass,NA,Dornburg_2012,all-pass
401,all,fail,NA,Dornburg_2012,all-fail
402,pass,fail,NA,Dornburg_2012,pass-fail
403,all,pass,0.287459605,Dornburg_2012,all-pass
404,all,fail,0.543629729,Dornburg_2012,all-fail
405,pass,fail,0.569582909,Dornburg_2012,pass-fail
406,all,pass,NA,Dornburg_2012,all-pass
407,all,fail,NA,Dornburg_2012,all-fail
408,pass,fail,NA,Dornburg_2012,pass-fail
409,all,pass,0.297664513,Dornburg_2012,all-pass
410,all,fail,0.479593011,Dornburg_2012,all-fail
411,pass,fail,0.546143876,Dornburg_2012,pass-fail
412,all,pass,NA,Dornburg_2012,all-pass
413,all,fail,NA,Dornburg_2012,all-fail
414,pass,fail,NA,Dornburg_2012,pass-fail
415,all,pass,0.201001768,Dornburg_2012,all-pass
416,all,fail,0.477045089,Dornburg_2012,all-fail
417,pass,fail,0.489858079,Dornburg_2012,pass-fail
418,all,pass,0.188759982,Dornburg_2012,all-pass
419,all,fail,0.537445969,Dornburg_2012,all-fail
420,pass,fail,0.559522018,Dornburg_2012,pass-fail
421,all,pass,0.190481684,Faircloth_2013,all-pass
422,all,fail,0,Faircloth_2013,all-fail
423,pass,fail,0.189976516,Faircloth_2013,pass-fail
424,all,pass,0.189841575,Faircloth_2013,all-pass
425,all,fail,0,Faircloth_2013,all-fail
426,pass,fail,0.189309653,Faircloth_2013,pass-fail
427,all,pass,0,Faircloth_2013,all-pass
428,all,fail,0,Faircloth_2013,all-fail
429,pass,fail,0,Faircloth_2013,pass-fail
430,all,pass,0.190459922,Faircloth_2013,all-pass
431,all,fail,0,Faircloth_2013,all-fail
432,pass,fail,0.189973744,Faircloth_2013,pass-fail
433,all,pass,0.19007553,Faircloth_2013,all-pass
434,all,fail,0.189604446,Faircloth_2013,all-fail
435,pass,fail,0.125572814,Faircloth_2013,pass-fail
436,all,pass,0.189834618,Faircloth_2013,all-pass
437,all,fail,0.189173306,Faircloth_2013,all-fail
438,pass,fail,0.125393329,Faircloth_2013,pass-fail
439,all,pass,0.188247407,Faircloth_2013,all-pass
440,all,fail,0.190488689,Faircloth_2013,all-fail
441,pass,fail,0.125662373,Faircloth_2013,pass-fail
442,all,pass,0,Faircloth_2013,all-pass
443,all,fail,0.189701341,Faircloth_2013,all-fail
444,pass,fail,0.18870947,Faircloth_2013,pass-fail
445,all,pass,0,Faircloth_2013,all-pass
446,all,fail,0.134491739,Faircloth_2013,all-fail
447,pass,fail,0.135221721,Faircloth_2013,pass-fail
448,all,pass,0.189989225,Faircloth_2013,all-pass
449,all,fail,0.189897594,Faircloth_2013,all-fail
450,pass,fail,0.126014904,Faircloth_2013,pass-fail
451,all,pass,0,Faircloth_2013,all-pass
452,all,fail,0,Faircloth_2013,all-fail
453,pass,fail,0,Faircloth_2013,pass-fail
454,all,pass,0,Faircloth_2013,all-pass
455,all,fail,0,Faircloth_2013,all-fail
456,pass,fail,0,Faircloth_2013,pass-fail
457,all,pass,0.189561805,Faircloth_2013,all-pass
458,all,fail,0.189061433,Faircloth_2013,all-fail
459,pass,fail,0.124982574,Faircloth_2013,pass-fail
460,all,pass,0.261385617,Faircloth_2013,all-pass
461,all,fail,0.18969043,Faircloth_2013,all-fail
462,pass,fail,0.199805872,Faircloth_2013,pass-fail
463,all,pass,0.187653766,Faircloth_2013,all-pass
464,all,fail,0,Faircloth_2013,all-fail
465,pass,fail,0.18906139,Faircloth_2013,pass-fail
466,all,pass,0,Faircloth_2013,all-pass
467,all,fail,0,Faircloth_2013,all-fail
468,pass,fail,0,Faircloth_2013,pass-fail
469,all,pass,0,Faircloth_2013,all-pass
470,all,fail,0.187623598,Faircloth_2013,all-fail
471,pass,fail,0.189031999,Faircloth_2013,pass-fail
472,all,pass,0,Faircloth_2013,all-pass
473,all,fail,0.189768106,Faircloth_2013,all-fail
474,pass,fail,0.189429228,Faircloth_2013,pass-fail
475,all,pass,0,Faircloth_2013,all-pass
476,all,fail,0.188274111,Faircloth_2013,all-fail
477,pass,fail,0.188492075,Faircloth_2013,pass-fail
478,all,pass,0.188109886,Faircloth_2013,all-pass
479,all,fail,0.189907034,Faircloth_2013,all-fail
480,pass,fail,0.125808523,Faircloth_2013,pass-fail
481,all,pass,NA,Fong_2012,all-pass
482,all,fail,NA,Fong_2012,all-fail
483,pass,fail,NA,Fong_2012,pass-fail
484,all,pass,NA,Fong_2012,all-pass
485,all,fail,NA,Fong_2012,all-fail
486,pass,fail,NA,Fong_2012,pass-fail
487,all,pass,0.659048122,Fong_2012,all-pass
488,all,fail,0.256044703,Fong_2012,all-fail
489,pass,fail,0.662507275,Fong_2012,pass-fail
490,all,pass,NA,Fong_2012,all-pass
491,all,fail,NA,Fong_2012,all-fail
492,pass,fail,NA,Fong_2012,pass-fail
493,all,pass,0.424268938,Fong_2012,all-pass
494,all,fail,0.266219418,Fong_2012,all-fail
495,pass,fail,0.462354453,Fong_2012,pass-fail
496,all,pass,0.378346604,Fong_2012,all-pass
497,all,fail,0.425013081,Fong_2012,all-fail
498,pass,fail,0.565184815,Fong_2012,pass-fail
499,all,pass,0.489182511,Fong_2012,all-pass
500,all,fail,0.33090917,Fong_2012,all-fail
501,pass,fail,0.56095038,Fong_2012,pass-fail
502,all,pass,NA,Fong_2012,all-pass
503,all,fail,NA,Fong_2012,all-fail
504,pass,fail,NA,Fong_2012,pass-fail
505,all,pass,NA,Fong_2012,all-pass
506,all,fail,NA,Fong_2012,all-fail
507,pass,fail,NA,Fong_2012,pass-fail
508,all,pass,NA,Fong_2012,all-pass
509,all,fail,NA,Fong_2012,all-fail
510,pass,fail,NA,Fong_2012,pass-fail
511,all,pass,NA,Fong_2012,all-pass
512,all,fail,NA,Fong_2012,all-fail
513,pass,fail,NA,Fong_2012,pass-fail
514,all,pass,0.232028728,Fong_2012,all-pass
515,all,fail,0.638486728,Fong_2012,all-fail
516,pass,fail,0.645250509,Fong_2012,pass-fail
517,all,pass,NA,Fong_2012,all-pass
518,all,fail,NA,Fong_2012,all-fail
519,pass,fail,NA,Fong_2012,pass-fail
520,all,pass,NA,Fong_2012,all-pass
521,all,fail,NA,Fong_2012,all-fail
522,pass,fail,NA,Fong_2012,pass-fail
523,all,pass,0.27929993,Fong_2012,all-pass
524,all,fail,0.446888979,Fong_2012,all-fail
525,pass,fail,0.513094831,Fong_2012,pass-fail
526,all,pass,0.29642753,Fong_2012,all-pass
527,all,fail,1.002165072,Fong_2012,all-fail
528,pass,fail,1.028690019,Fong_2012,pass-fail
529,all,pass,NA,Fong_2012,all-pass
530,all,fail,NA,Fong_2012,all-fail
531,pass,fail,NA,Fong_2012,pass-fail
532,all,pass,0.330809217,Fong_2012,all-pass
533,all,fail,0.474542897,Fong_2012,all-fail
534,pass,fail,0.580272763,Fong_2012,pass-fail
535,all,pass,0.308760147,Fong_2012,all-pass
536,all,fail,0.542538594,Fong_2012,all-fail
537,pass,fail,0.5937111,Fong_2012,pass-fail
538,all,pass,NA,Fong_2012,all-pass
539,all,fail,NA,Fong_2012,all-fail
540,pass,fail,NA,Fong_2012,pass-fail
541,all,pass,0.20375869,Horn_2014,all-pass
542,all,fail,0.403056444,Horn_2014,all-fail
543,pass,fail,0.422809899,Horn_2014,pass-fail
544,all,pass,NA,Horn_2014,all-pass
545,all,fail,NA,Horn_2014,all-fail
546,pass,fail,NA,Horn_2014,pass-fail
547,all,pass,0.164460168,Horn_2014,all-pass
548,all,fail,0.467558032,Horn_2014,all-fail
549,pass,fail,0.485083011,Horn_2014,pass-fail
550,all,pass,0.145550708,Horn_2014,all-pass
551,all,fail,0.378394043,Horn_2014,all-fail
552,pass,fail,0.424117805,Horn_2014,pass-fail
553,all,pass,0.190770083,Horn_2014,all-pass
554,all,fail,0.375804038,Horn_2014,all-fail
555,pass,fail,0.398180354,Horn_2014,pass-fail
556,all,pass,NA,Horn_2014,all-pass
557,all,fail,NA,Horn_2014,all-fail
558,pass,fail,NA,Horn_2014,pass-fail
559,all,pass,NA,Horn_2014,all-pass
560,all,fail,NA,Horn_2014,all-fail
561,pass,fail,NA,Horn_2014,pass-fail
562,all,pass,0.202461752,Horn_2014,all-pass
563,all,fail,0.349983756,Horn_2014,all-fail
564,pass,fail,0.363010024,Horn_2014,pass-fail
565,all,pass,NA,Horn_2014,all-pass
566,all,fail,NA,Horn_2014,all-fail
567,pass,fail,NA,Horn_2014,pass-fail
568,all,pass,NA,Horn_2014,all-pass
569,all,fail,NA,Horn_2014,all-fail
570,pass,fail,NA,Horn_2014,pass-fail
571,all,pass,NA,Horn_2014,all-pass
572,all,fail,NA,Horn_2014,all-fail
573,pass,fail,NA,Horn_2014,pass-fail
574,all,pass,NA,Horn_2014,all-pass
575,all,fail,NA,Horn_2014,all-fail
576,pass,fail,NA,Horn_2014,pass-fail
577,all,pass,0.242540332,Horn_2014,all-pass
578,all,fail,0.354740177,Horn_2014,all-fail
579,pass,fail,0.419288366,Horn_2014,pass-fail
580,all,pass,0.086385486,Horn_2014,all-pass
581,all,fail,0.607362513,Horn_2014,all-fail
582,pass,fail,0.619862698,Horn_2014,pass-fail
583,all,pass,0.222083472,Horn_2014,all-pass
584,all,fail,0.600783941,Horn_2014,all-fail
585,pass,fail,0.702762825,Horn_2014,pass-fail
586,all,pass,NA,Horn_2014,all-pass
587,all,fail,NA,Horn_2014,all-fail
588,pass,fail,NA,Horn_2014,pass-fail
589,all,pass,0.204700154,Horn_2014,all-pass
590,all,fail,0.385557898,Horn_2014,all-fail
591,pass,fail,0.396014406,Horn_2014,pass-fail
592,all,pass,NA,Horn_2014,all-pass
593,all,fail,NA,Horn_2014,all-fail
594,pass,fail,NA,Horn_2014,pass-fail
595,all,pass,0.123077474,Horn_2014,all-pass
596,all,fail,0.599334086,Horn_2014,all-fail
597,pass,fail,0.617446069,Horn_2014,pass-fail
598,all,pass,NA,Horn_2014,all-pass
599,all,fail,NA,Horn_2014,all-fail
600,pass,fail,NA,Horn_2014,pass-fail
601,all,pass,0.192507663,Lartillot_2012,all-pass
602,all,fail,0.211095096,Lartillot_2012,all-fail
603,pass,fail,0.241543467,Lartillot_2012,pass-fail
604,all,pass,0.172957508,Lartillot_2012,all-pass
605,all,fail,0.108803697,Lartillot_2012,all-fail
606,pass,fail,0.200145899,Lartillot_2012,pass-fail
607,all,pass,0.252790662,Lartillot_2012,all-pass
608,all,fail,0.123152497,Lartillot_2012,all-fail
609,pass,fail,0.296493968,Lartillot_2012,pass-fail
610,all,pass,0.28464738,Lartillot_2012,all-pass
611,all,fail,0.155665848,Lartillot_2012,all-fail
612,pass,fail,0.300049507,Lartillot_2012,pass-fail
613,all,pass,NA,Lartillot_2012,all-pass
614,all,fail,NA,Lartillot_2012,all-fail
615,pass,fail,NA,Lartillot_2012,pass-fail
616,all,pass,0.227990477,Lartillot_2012,all-pass
617,all,fail,0.185144963,Lartillot_2012,all-fail
618,pass,fail,0.290050065,Lartillot_2012,pass-fail
619,all,pass,0.191423216,Lartillot_2012,all-pass
620,all,fail,0.125798324,Lartillot_2012,all-fail
621,pass,fail,0.222397169,Lartillot_2012,pass-fail
622,all,pass,0.261135813,Lartillot_2012,all-pass
623,all,fail,0.157747967,Lartillot_2012,all-fail
624,pass,fail,0.251298615,Lartillot_2012,pass-fail
625,all,pass,0.177775289,Lartillot_2012,all-pass
626,all,fail,0.202455734,Lartillot_2012,all-fail
627,pass,fail,0.262726649,Lartillot_2012,pass-fail
628,all,pass,0.187543418,Lartillot_2012,all-pass
629,all,fail,0.149341424,Lartillot_2012,all-fail
630,pass,fail,0.237189776,Lartillot_2012,pass-fail
631,all,pass,0.324623023,Lartillot_2012,all-pass
632,all,fail,0.108611882,Lartillot_2012,all-fail
633,pass,fail,0.337762374,Lartillot_2012,pass-fail
634,all,pass,0.145355952,Lartillot_2012,all-pass
635,all,fail,0.231430983,Lartillot_2012,all-fail
636,pass,fail,0.252555053,Lartillot_2012,pass-fail
637,all,pass,0.18088736,Lartillot_2012,all-pass
638,all,fail,0.094244297,Lartillot_2012,all-fail
639,pass,fail,0.198648297,Lartillot_2012,pass-fail
640,all,pass,0.163212196,Lartillot_2012,all-pass
641,all,fail,0.219969121,Lartillot_2012,all-fail
642,pass,fail,0.247926828,Lartillot_2012,pass-fail
643,all,pass,0.144046654,Lartillot_2012,all-pass
644,all,fail,0.12259513,Lartillot_2012,all-fail
645,pass,fail,0.189499289,Lartillot_2012,pass-fail
646,all,pass,0.219156531,Lartillot_2012,all-pass
647,all,fail,0.148647103,Lartillot_2012,all-fail
648,pass,fail,0.289580804,Lartillot_2012,pass-fail
649,all,pass,0.219848383,Lartillot_2012,all-pass
650,all,fail,0.196100402,Lartillot_2012,all-fail
651,pass,fail,0.261958536,Lartillot_2012,pass-fail
652,all,pass,0.256970274,Lartillot_2012,all-pass
653,all,fail,0.108842425,Lartillot_2012,all-fail
654,pass,fail,0.272491271,Lartillot_2012,pass-fail
655,all,pass,0.168057556,Lartillot_2012,all-pass
656,all,fail,0.159647017,Lartillot_2012,all-fail
657,pass,fail,0.202132685,Lartillot_2012,pass-fail
658,all,pass,0.182622081,Lartillot_2012,all-pass
659,all,fail,0.124261659,Lartillot_2012,all-fail
660,pass,fail,0.229913991,Lartillot_2012,pass-fail
661,all,pass,0.26890866,McCormack_2013,all-pass
662,all,fail,0.537877871,McCormack_2013,all-fail
663,pass,fail,0.612882894,McCormack_2013,pass-fail
664,all,pass,0.323032432,McCormack_2013,all-pass
665,all,fail,0.545185456,McCormack_2013,all-fail
666,pass,fail,0.658901006,McCormack_2013,pass-fail
667,all,pass,0.264601475,McCormack_2013,all-pass
668,all,fail,0.507106108,McCormack_2013,all-fail
669,pass,fail,0.55579399,McCormack_2013,pass-fail
670,all,pass,0.230605146,McCormack_2013,all-pass
671,all,fail,0.306433311,McCormack_2013,all-fail
672,pass,fail,0.367141395,McCormack_2013,pass-fail
673,all,pass,0.341724662,McCormack_2013,all-pass
674,all,fail,0.60181646,McCormack_2013,all-fail
675,pass,fail,0.719035428,McCormack_2013,pass-fail
676,all,pass,0.163745961,McCormack_2013,all-pass
677,all,fail,0.403442464,McCormack_2013,all-fail
678,pass,fail,0.410493914,McCormack_2013,pass-fail
679,all,pass,0.283684379,McCormack_2013,all-pass
680,all,fail,0.666176783,McCormack_2013,all-fail
681,pass,fail,0.731492121,McCormack_2013,pass-fail
682,all,pass,0.31475182,McCormack_2013,all-pass
683,all,fail,0.826792717,McCormack_2013,all-fail
684,pass,fail,0.849888809,McCormack_2013,pass-fail
685,all,pass,0.240684433,McCormack_2013,all-pass
686,all,fail,0.504159688,McCormack_2013,all-fail
687,pass,fail,0.556657061,McCormack_2013,pass-fail
688,all,pass,0.296249067,McCormack_2013,all-pass
689,all,fail,0.499296153,McCormack_2013,all-fail
690,pass,fail,0.62088514,McCormack_2013,pass-fail
691,all,pass,0.265226585,McCormack_2013,all-pass
692,all,fail,0.413083633,McCormack_2013,all-fail
693,pass,fail,0.458715215,McCormack_2013,pass-fail
694,all,pass,0.207153975,McCormack_2013,all-pass
695,all,fail,0.584207227,McCormack_2013,all-fail
696,pass,fail,0.621094926,McCormack_2013,pass-fail
697,all,pass,0.189197667,McCormack_2013,all-pass
698,all,fail,0.638047597,McCormack_2013,all-fail
699,pass,fail,0.679601205,McCormack_2013,pass-fail
700,all,pass,0.284176664,McCormack_2013,all-pass
701,all,fail,0.500100388,McCormack_2013,all-fail
702,pass,fail,0.54258542,McCormack_2013,pass-fail
703,all,pass,0.318724123,McCormack_2013,all-pass
704,all,fail,0.651111735,McCormack_2013,all-fail
705,pass,fail,0.737083103,McCormack_2013,pass-fail
706,all,pass,0.24128491,McCormack_2013,all-pass
707,all,fail,0.65504428,McCormack_2013,all-fail
708,pass,fail,0.686165215,McCormack_2013,pass-fail
709,all,pass,0.334389351,McCormack_2013,all-pass
710,all,fail,0.579500111,McCormack_2013,all-fail
711,pass,fail,0.674650935,McCormack_2013,pass-fail
712,all,pass,0.193522091,McCormack_2013,all-pass
713,all,fail,0.567251521,McCormack_2013,all-fail
714,pass,fail,0.591468832,McCormack_2013,pass-fail
715,all,pass,0.242805855,McCormack_2013,all-pass
716,all,fail,0.61949403,McCormack_2013,all-fail
717,pass,fail,0.668277181,McCormack_2013,pass-fail
718,all,pass,0.289981253,McCormack_2013,all-pass
719,all,fail,0.492970037,McCormack_2013,all-fail
720,pass,fail,0.550049272,McCormack_2013,pass-fail
721,all,pass,0.076650719,Moyle_2016,all-pass
722,all,fail,0.29415904,Moyle_2016,all-fail
723,pass,fail,0.30577387,Moyle_2016,pass-fail
724,all,pass,0.129694389,Moyle_2016,all-pass
725,all,fail,0.421245525,Moyle_2016,all-fail
726,pass,fail,0.450596937,Moyle_2016,pass-fail
727,all,pass,0.04963101,Moyle_2016,all-pass
728,all,fail,0.322984254,Moyle_2016,all-fail
729,pass,fail,0.32645104,Moyle_2016,pass-fail
730,all,pass,0.071942407,Moyle_2016,all-pass
731,all,fail,0.317119278,Moyle_2016,all-fail
732,pass,fail,0.326466209,Moyle_2016,pass-fail
733,all,pass,0.035154533,Moyle_2016,all-pass
734,all,fail,0.32956247,Moyle_2016,all-fail
735,pass,fail,0.335029256,Moyle_2016,pass-fail
736,all,pass,0,Moyle_2016,all-pass
737,all,fail,0.36342763,Moyle_2016,all-fail
738,pass,fail,0.364164779,Moyle_2016,pass-fail
739,all,pass,0.084155346,Moyle_2016,all-pass
740,all,fail,0.512317647,Moyle_2016,all-fail
741,pass,fail,0.527210793,Moyle_2016,pass-fail
742,all,pass,0.134921643,Moyle_2016,all-pass
743,all,fail,0.426054132,Moyle_2016,all-fail
744,pass,fail,0.474192957,Moyle_2016,pass-fail
745,all,pass,0.084406709,Moyle_2016,all-pass
746,all,fail,0.26716128,Moyle_2016,all-fail
747,pass,fail,0.306040873,Moyle_2016,pass-fail
748,all,pass,0.084282475,Moyle_2016,all-pass
749,all,fail,0.459261993,Moyle_2016,all-fail
750,pass,fail,0.490586461,Moyle_2016,pass-fail
751,all,pass,0.114917482,Moyle_2016,all-pass
752,all,fail,0.267341678,Moyle_2016,all-fail
753,pass,fail,0.294387133,Moyle_2016,pass-fail
754,all,pass,0.133658423,Moyle_2016,all-pass
755,all,fail,0.29397359,Moyle_2016,all-fail
756,pass,fail,0.335752924,Moyle_2016,pass-fail
757,all,pass,0.16624392,Moyle_2016,all-pass
758,all,fail,0.256076968,Moyle_2016,all-fail
759,pass,fail,0.306335888,Moyle_2016,pass-fail
760,all,pass,0.076743506,Moyle_2016,all-pass
761,all,fail,0.228080388,Moyle_2016,all-fail
762,pass,fail,0.23767255,Moyle_2016,pass-fail
763,all,pass,0.092647892,Moyle_2016,all-pass
764,all,fail,0.38395082,Moyle_2016,all-fail
765,pass,fail,0.365717262,Moyle_2016,pass-fail
766,all,pass,0.099560168,Moyle_2016,all-pass
767,all,fail,0.302174624,Moyle_2016,all-fail
768,pass,fail,0.301867001,Moyle_2016,pass-fail
769,all,pass,0.109031597,Moyle_2016,all-pass
770,all,fail,0.373239673,Moyle_2016,all-fail
771,pass,fail,0.391995622,Moyle_2016,pass-fail
772,all,pass,0.130036596,Moyle_2016,all-pass
773,all,fail,0.359467995,Moyle_2016,all-fail
774,pass,fail,0.379085123,Moyle_2016,pass-fail
775,all,pass,0.084290082,Moyle_2016,all-pass
776,all,fail,0.290002478,Moyle_2016,all-fail
777,pass,fail,0.30538171,Moyle_2016,pass-fail
778,all,pass,0,Moyle_2016,all-pass
779,all,fail,0.426910682,Moyle_2016,all-fail
780,pass,fail,0.425052224,Moyle_2016,pass-fail
781,all,pass,0.621986036,Murray_2013,all-pass
782,all,fail,1.527519187,Murray_2013,all-fail
783,pass,fail,1.433177159,Murray_2013,pass-fail
784,all,pass,NA,Murray_2013,all-pass
785,all,fail,NA,Murray_2013,all-fail
786,pass,fail,NA,Murray_2013,pass-fail
787,all,pass,NA,Murray_2013,all-pass
788,all,fail,NA,Murray_2013,all-fail
789,pass,fail,NA,Murray_2013,pass-fail
790,all,pass,NA,Murray_2013,all-pass
791,all,fail,NA,Murray_2013,all-fail
792,pass,fail,NA,Murray_2013,pass-fail
793,all,pass,0.625738763,Murray_2013,all-pass
794,all,fail,1.183754054,Murray_2013,all-fail
795,pass,fail,1.251280147,Murray_2013,pass-fail
796,all,pass,NA,Murray_2013,all-pass
797,all,fail,NA,Murray_2013,all-fail
798,pass,fail,NA,Murray_2013,pass-fail
799,all,pass,NA,Murray_2013,all-pass
800,all,fail,NA,Murray_2013,all-fail
801,pass,fail,NA,Murray_2013,pass-fail
802,all,pass,NA,Murray_2013,all-pass
803,all,fail,NA,Murray_2013,all-fail
804,pass,fail,NA,Murray_2013,pass-fail
805,all,pass,0.51642731,Murray_2013,all-pass
806,all,fail,1.180934554,Murray_2013,all-fail
807,pass,fail,1.136251555,Murray_2013,pass-fail
808,all,pass,NA,Murray_2013,all-pass
809,all,fail,NA,Murray_2013,all-fail
810,pass,fail,NA,Murray_2013,pass-fail
811,all,pass,NA,Murray_2013,all-pass
812,all,fail,NA,Murray_2013,all-fail
813,pass,fail,NA,Murray_2013,pass-fail
814,all,pass,NA,Murray_2013,all-pass
815,all,fail,NA,Murray_2013,all-fail
816,pass,fail,NA,Murray_2013,pass-fail
817,all,pass,NA,Murray_2013,all-pass
818,all,fail,NA,Murray_2013,all-fail
819,pass,fail,NA,Murray_2013,pass-fail
820,all,pass,NA,Murray_2013,all-pass
821,all,fail,NA,Murray_2013,all-fail
822,pass,fail,NA,Murray_2013,pass-fail
823,all,pass,0.46574587,Murray_2013,all-pass
824,all,fail,1.141889391,Murray_2013,all-fail
825,pass,fail,1.124794115,Murray_2013,pass-fail
826,all,pass,NA,Murray_2013,all-pass
827,all,fail,NA,Murray_2013,all-fail
828,pass,fail,NA,Murray_2013,pass-fail
829,all,pass,NA,Murray_2013,all-pass
830,all,fail,NA,Murray_2013,all-fail
831,pass,fail,NA,Murray_2013,pass-fail
832,all,pass,0.470533339,Murray_2013,all-pass
833,all,fail,1.68273029,Murray_2013,all-fail
834,pass,fail,1.578111925,Murray_2013,pass-fail
835,all,pass,NA,Murray_2013,all-pass
836,all,fail,NA,Murray_2013,all-fail
837,pass,fail,NA,Murray_2013,pass-fail
838,all,pass,NA,Murray_2013,all-pass
839,all,fail,NA,Murray_2013,all-fail
840,pass,fail,NA,Murray_2013,pass-fail
841,all,pass,0.04317276,Oaks_2011,all-pass
842,all,fail,0.511950647,Oaks_2011,all-fail
843,pass,fail,0.506855061,Oaks_2011,pass-fail
844,all,pass,0.121277707,Oaks_2011,all-pass
845,all,fail,0.323876797,Oaks_2011,all-fail
846,pass,fail,0.342369872,Oaks_2011,pass-fail
847,all,pass,0.208510644,Oaks_2011,all-pass
848,all,fail,0.251659967,Oaks_2011,all-fail
849,pass,fail,0.370709383,Oaks_2011,pass-fail
850,all,pass,0.14763781,Oaks_2011,all-pass
851,all,fail,0.567492522,Oaks_2011,all-fail
852,pass,fail,0.579843474,Oaks_2011,pass-fail
853,all,pass,0.125807693,Oaks_2011,all-pass
854,all,fail,0.471286817,Oaks_2011,all-fail
855,pass,fail,0.479540487,Oaks_2011,pass-fail
856,all,pass,0.116671997,Oaks_2011,all-pass
857,all,fail,0.322076499,Oaks_2011,all-fail
858,pass,fail,0.354703044,Oaks_2011,pass-fail
859,all,pass,0.080531226,Oaks_2011,all-pass
860,all,fail,0.340672004,Oaks_2011,all-fail
861,pass,fail,0.351369207,Oaks_2011,pass-fail
862,all,pass,0.170528044,Oaks_2011,all-pass
863,all,fail,0.339633959,Oaks_2011,all-fail
864,pass,fail,0.393351162,Oaks_2011,pass-fail
865,all,pass,0.121610853,Oaks_2011,all-pass
866,all,fail,0.36002097,Oaks_2011,all-fail
867,pass,fail,0.378611157,Oaks_2011,pass-fail
868,all,pass,0.080690976,Oaks_2011,all-pass
869,all,fail,0.308748938,Oaks_2011,all-fail
870,pass,fail,0.316321172,Oaks_2011,pass-fail
871,all,pass,0.133084265,Oaks_2011,all-pass
872,all,fail,0.824068016,Oaks_2011,all-fail
873,pass,fail,0.781707147,Oaks_2011,pass-fail
874,all,pass,0.183377873,Oaks_2011,all-pass
875,all,fail,0.308350106,Oaks_2011,all-fail
876,pass,fail,0.384839694,Oaks_2011,pass-fail
877,all,pass,0.113072053,Oaks_2011,all-pass
878,all,fail,0.293559392,Oaks_2011,all-fail
879,pass,fail,0.307545918,Oaks_2011,pass-fail
880,all,pass,0.148257964,Oaks_2011,all-pass
881,all,fail,0.763081736,Oaks_2011,all-fail
882,pass,fail,0.770402891,Oaks_2011,pass-fail
883,all,pass,0.063456359,Oaks_2011,all-pass
884,all,fail,1.637250929,Oaks_2011,all-fail
885,pass,fail,1.629939309,Oaks_2011,pass-fail
886,all,pass,0.125875242,Oaks_2011,all-pass
887,all,fail,0.561384139,Oaks_2011,all-fail
888,pass,fail,0.529773173,Oaks_2011,pass-fail
889,all,pass,0.143286123,Oaks_2011,all-pass
890,all,fail,0.478211509,Oaks_2011,all-fail
891,pass,fail,0.47988373,Oaks_2011,pass-fail
892,all,pass,0.085815658,Oaks_2011,all-pass
893,all,fail,0.413816123,Oaks_2011,all-fail
894,pass,fail,0.431262741,Oaks_2011,pass-fail
895,all,pass,0.25951255,Oaks_2011,all-pass
896,all,fail,0.454419501,Oaks_2011,all-fail
897,pass,fail,0.483932145,Oaks_2011,pass-fail
898,all,pass,0.043110876,Oaks_2011,all-pass
899,all,fail,0.685264028,Oaks_2011,all-fail
900,pass,fail,0.686075734,Oaks_2011,pass-fail
901,all,pass,0.838100723,Rightmyer_2013,all-pass
902,all,fail,0.869314404,Rightmyer_2013,all-fail
903,pass,fail,1.284434276,Rightmyer_2013,pass-fail
904,all,pass,0.302005128,Rightmyer_2013,all-pass
905,all,fail,1.200225642,Rightmyer_2013,all-fail
906,pass,fail,1.138515773,Rightmyer_2013,pass-fail
907,all,pass,0.449755508,Rightmyer_2013,all-pass
908,all,fail,0.594450345,Rightmyer_2013,all-fail
909,pass,fail,0.707705359,Rightmyer_2013,pass-fail
910,all,pass,0.599411379,Rightmyer_2013,all-pass
911,all,fail,0.805119399,Rightmyer_2013,all-fail
912,pass,fail,0.846567398,Rightmyer_2013,pass-fail
913,all,pass,0.768531537,Rightmyer_2013,all-pass
914,all,fail,0.96151681,Rightmyer_2013,all-fail
915,pass,fail,1.056523721,Rightmyer_2013,pass-fail
916,all,pass,0.441296141,Rightmyer_2013,all-pass
917,all,fail,0.757339416,Rightmyer_2013,all-fail
918,pass,fail,0.945291843,Rightmyer_2013,pass-fail
919,all,pass,0.336819191,Rightmyer_2013,all-pass
920,all,fail,0.855108985,Rightmyer_2013,all-fail
921,pass,fail,0.958872831,Rightmyer_2013,pass-fail
922,all,pass,0.580197058,Rightmyer_2013,all-pass
923,all,fail,0.709918994,Rightmyer_2013,all-fail
924,pass,fail,0.760654437,Rightmyer_2013,pass-fail
925,all,pass,0.516298792,Rightmyer_2013,all-pass
926,all,fail,0.950277393,Rightmyer_2013,all-fail
927,pass,fail,1.048302341,Rightmyer_2013,pass-fail
928,all,pass,0.612692741,Rightmyer_2013,all-pass
929,all,fail,1.048342547,Rightmyer_2013,all-fail
930,pass,fail,1.063227943,Rightmyer_2013,pass-fail
931,all,pass,0.40122978,Rightmyer_2013,all-pass
932,all,fail,0.965979678,Rightmyer_2013,all-fail
933,pass,fail,0.985609337,Rightmyer_2013,pass-fail
934,all,pass,0.436551775,Rightmyer_2013,all-pass
935,all,fail,1.143551478,Rightmyer_2013,all-fail
936,pass,fail,1.135586422,Rightmyer_2013,pass-fail
937,all,pass,0.366136041,Rightmyer_2013,all-pass
938,all,fail,0.665988956,Rightmyer_2013,all-fail
939,pass,fail,0.811026312,Rightmyer_2013,pass-fail
940,all,pass,0.509980338,Rightmyer_2013,all-pass
941,all,fail,0.955273621,Rightmyer_2013,all-fail
942,pass,fail,1.048780339,Rightmyer_2013,pass-fail
943,all,pass,0.345272228,Rightmyer_2013,all-pass
944,all,fail,0.889213481,Rightmyer_2013,all-fail
945,pass,fail,0.857185481,Rightmyer_2013,pass-fail
946,all,pass,0.623330489,Rightmyer_2013,all-pass
947,all,fail,0.530930938,Rightmyer_2013,all-fail
948,pass,fail,0.77027028,Rightmyer_2013,pass-fail
949,all,pass,0.54168337,Rightmyer_2013,all-pass
950,all,fail,1.070875402,Rightmyer_2013,all-fail
951,pass,fail,1.142081993,Rightmyer_2013,pass-fail
952,all,pass,0.713367567,Rightmyer_2013,all-pass
953,all,fail,1.365894736,Rightmyer_2013,all-fail
954,pass,fail,1.290269575,Rightmyer_2013,pass-fail
955,all,pass,0.680517693,Rightmyer_2013,all-pass
956,all,fail,0.869529637,Rightmyer_2013,all-fail
957,pass,fail,1.161913395,Rightmyer_2013,pass-fail
958,all,pass,0.502536427,Rightmyer_2013,all-pass
959,all,fail,0.870723362,Rightmyer_2013,all-fail
960,pass,fail,0.890338567,Rightmyer_2013,pass-fail
961,all,pass,NA,Sauquet_2011,all-pass
962,all,fail,NA,Sauquet_2011,all-fail
963,pass,fail,NA,Sauquet_2011,pass-fail
964,all,pass,NA,Sauquet_2011,all-pass
965,all,fail,NA,Sauquet_2011,all-fail
966,pass,fail,NA,Sauquet_2011,pass-fail
967,all,pass,NA,Sauquet_2011,all-pass
968,all,fail,NA,Sauquet_2011,all-fail
969,pass,fail,NA,Sauquet_2011,pass-fail
970,all,pass,NA,Sauquet_2011,all-pass
971,all,fail,NA,Sauquet_2011,all-fail
972,pass,fail,NA,Sauquet_2011,pass-fail
973,all,pass,0.25277668,Sauquet_2011,all-pass
974,all,fail,0.346880453,Sauquet_2011,all-fail
975,pass,fail,0.375924454,Sauquet_2011,pass-fail
976,all,pass,NA,Sauquet_2011,all-pass
977,all,fail,NA,Sauquet_2011,all-fail
978,pass,fail,NA,Sauquet_2011,pass-fail
979,all,pass,NA,Sauquet_2011,all-pass
980,all,fail,NA,Sauquet_2011,all-fail
981,pass,fail,NA,Sauquet_2011,pass-fail
982,all,pass,0.363569476,Sauquet_2011,all-pass
983,all,fail,0.295407604,Sauquet_2011,all-fail
984,pass,fail,0.414431772,Sauquet_2011,pass-fail
985,all,pass,0.072352377,Sauquet_2011,all-pass
986,all,fail,0.745277003,Sauquet_2011,all-fail
987,pass,fail,0.75259249,Sauquet_2011,pass-fail
988,all,pass,0.227888057,Sauquet_2011,all-pass
989,all,fail,0.772075755,Sauquet_2011,all-fail
990,pass,fail,0.775000397,Sauquet_2011,pass-fail
991,all,pass,0.205746155,Sauquet_2011,all-pass
992,all,fail,0.312685361,Sauquet_2011,all-fail
993,pass,fail,0.362488923,Sauquet_2011,pass-fail
994,all,pass,0.225265715,Sauquet_2011,all-pass
995,all,fail,0.669380676,Sauquet_2011,all-fail
996,pass,fail,0.679135675,Sauquet_2011,pass-fail
997,all,pass,NA,Sauquet_2011,all-pass
998,all,fail,NA,Sauquet_2011,all-fail
999,pass,fail,NA,Sauquet_2011,pass-fail
1000,all,pass,NA,Sauquet_2011,all-pass
1001,all,fail,NA,Sauquet_2011,all-fail
1002,pass,fail,NA,Sauquet_2011,pass-fail
1003,all,pass,NA,Sauquet_2011,all-pass
1004,all,fail,NA,Sauquet_2011,all-fail
1005,pass,fail,NA,Sauquet_2011,pass-fail
1006,all,pass,NA,Sauquet_2011,all-pass
1007,all,fail,NA,Sauquet_2011,all-fail
1008,pass,fail,NA,Sauquet_2011,pass-fail
1009,all,pass,NA,Sauquet_2011,all-pass
1010,all,fail,NA,Sauquet_2011,all-fail
1011,pass,fail,NA,Sauquet_2011,pass-fail
1012,all,pass,NA,Sauquet_2011,all-pass
1013,all,fail,NA,Sauquet_2011,all-fail
1014,pass,fail,NA,Sauquet_2011,pass-fail
1015,all,pass,NA,Sauquet_2011,all-pass
1016,all,fail,NA,Sauquet_2011,all-fail
1017,pass,fail,NA,Sauquet_2011,pass-fail
1018,all,pass,NA,Sauquet_2011,all-pass
1019,all,fail,NA,Sauquet_2011,all-fail
1020,pass,fail,NA,Sauquet_2011,pass-fail
1021,all,pass,NA,Seago_2011,all-pass
1022,all,fail,NA,Seago_2011,all-fail
1023,pass,fail,NA,Seago_2011,pass-fail
1024,all,pass,NA,Seago_2011,all-pass
1025,all,fail,NA,Seago_2011,all-fail
1026,pass,fail,NA,Seago_2011,pass-fail
1027,all,pass,NA,Seago_2011,all-pass
1028,all,fail,NA,Seago_2011,all-fail
1029,pass,fail,NA,Seago_2011,pass-fail
1030,all,pass,NA,Seago_2011,all-pass
1031,all,fail,NA,Seago_2011,all-fail
1032,pass,fail,NA,Seago_2011,pass-fail
1033,all,pass,NA,Seago_2011,all-pass
1034,all,fail,NA,Seago_2011,all-fail
1035,pass,fail,NA,Seago_2011,pass-fail
1036,all,pass,NA,Seago_2011,all-pass
1037,all,fail,NA,Seago_2011,all-fail
1038,pass,fail,NA,Seago_2011,pass-fail
1039,all,pass,NA,Seago_2011,all-pass
1040,all,fail,NA,Seago_2011,all-fail
1041,pass,fail,NA,Seago_2011,pass-fail
1042,all,pass,NA,Seago_2011,all-pass
1043,all,fail,NA,Seago_2011,all-fail
1044,pass,fail,NA,Seago_2011,pass-fail
1045,all,pass,NA,Seago_2011,all-pass
1046,all,fail,NA,Seago_2011,all-fail
1047,pass,fail,NA,Seago_2011,pass-fail
1048,all,pass,NA,Seago_2011,all-pass
1049,all,fail,NA,Seago_2011,all-fail
1050,pass,fail,NA,Seago_2011,pass-fail
1051,all,pass,NA,Seago_2011,all-pass
1052,all,fail,NA,Seago_2011,all-fail
1053,pass,fail,NA,Seago_2011,pass-fail
1054,all,pass,NA,Seago_2011,all-pass
1055,all,fail,NA,Seago_2011,all-fail
1056,pass,fail,NA,Seago_2011,pass-fail
1057,all,pass,NA,Seago_2011,all-pass
1058,all,fail,NA,Seago_2011,all-fail
1059,pass,fail,NA,Seago_2011,pass-fail
1060,all,pass,NA,Seago_2011,all-pass
1061,all,fail,NA,Seago_2011,all-fail
1062,pass,fail,NA,Seago_2011,pass-fail
1063,all,pass,NA,Seago_2011,all-pass
1064,all,fail,NA,Seago_2011,all-fail
1065,pass,fail,NA,Seago_2011,pass-fail
1066,all,pass,NA,Seago_2011,all-pass
1067,all,fail,NA,Seago_2011,all-fail
1068,pass,fail,NA,Seago_2011,pass-fail
1069,all,pass,NA,Seago_2011,all-pass
1070,all,fail,NA,Seago_2011,all-fail
1071,pass,fail,NA,Seago_2011,pass-fail
1072,all,pass,NA,Seago_2011,all-pass
1073,all,fail,NA,Seago_2011,all-fail
1074,pass,fail,NA,Seago_2011,pass-fail
1075,all,pass,NA,Seago_2011,all-pass
1076,all,fail,NA,Seago_2011,all-fail
1077,pass,fail,NA,Seago_2011,pass-fail
1078,all,pass,NA,Seago_2011,all-pass
1079,all,fail,NA,Seago_2011,all-fail
1080,pass,fail,NA,Seago_2011,pass-fail
1081,all,pass,0.86389532,Sharanowski_2011,all-pass
1082,all,fail,0.251196906,Sharanowski_2011,all-fail
1083,pass,fail,0.883222851,Sharanowski_2011,pass-fail
1084,all,pass,0.96699422,Sharanowski_2011,all-pass
1085,all,fail,0.515071041,Sharanowski_2011,all-fail
1086,pass,fail,1.161411945,Sharanowski_2011,pass-fail
1087,all,pass,NA,Sharanowski_2011,all-pass
1088,all,fail,NA,Sharanowski_2011,all-fail
1089,pass,fail,NA,Sharanowski_2011,pass-fail
1090,all,pass,0.83521364,Sharanowski_2011,all-pass
1091,all,fail,0.342440909,Sharanowski_2011,all-fail
1092,pass,fail,0.895935051,Sharanowski_2011,pass-fail
1093,all,pass,0.541738708,Sharanowski_2011,all-pass
1094,all,fail,0.44530789,Sharanowski_2011,all-fail
1095,pass,fail,0.729753415,Sharanowski_2011,pass-fail
1096,all,pass,0.545287034,Sharanowski_2011,all-pass
1097,all,fail,0.452127626,Sharanowski_2011,all-fail
1098,pass,fail,0.642185926,Sharanowski_2011,pass-fail
1099,all,pass,NA,Sharanowski_2011,all-pass
1100,all,fail,NA,Sharanowski_2011,all-fail
1101,pass,fail,NA,Sharanowski_2011,pass-fail
1102,all,pass,NA,Sharanowski_2011,all-pass
1103,all,fail,NA,Sharanowski_2011,all-fail
1104,pass,fail,NA,Sharanowski_2011,pass-fail
1105,all,pass,0.397752178,Sharanowski_2011,all-pass
1106,all,fail,0.690727207,Sharanowski_2011,all-fail
1107,pass,fail,0.808038957,Sharanowski_2011,pass-fail
1108,all,pass,0.924317055,Sharanowski_2011,all-pass
1109,all,fail,0.347592816,Sharanowski_2011,all-fail
1110,pass,fail,0.910331764,Sharanowski_2011,pass-fail
1111,all,pass,0.431158232,Sharanowski_2011,all-pass
1112,all,fail,0.547228508,Sharanowski_2011,all-fail
1113,pass,fail,0.673341096,Sharanowski_2011,pass-fail
1114,all,pass,NA,Sharanowski_2011,all-pass
1115,all,fail,NA,Sharanowski_2011,all-fail
1116,pass,fail,NA,Sharanowski_2011,pass-fail
1117,all,pass,NA,Sharanowski_2011,all-pass
1118,all,fail,NA,Sharanowski_2011,all-fail
1119,pass,fail,NA,Sharanowski_2011,pass-fail
1120,all,pass,NA,Sharanowski_2011,all-pass
1121,all,fail,NA,Sharanowski_2011,all-fail
1122,pass,fail,NA,Sharanowski_2011,pass-fail
1123,all,pass,1.533592066,Sharanowski_2011,all-pass
1124,all,fail,0.314168489,Sharanowski_2011,all-fail
1125,pass,fail,1.577380168,Sharanowski_2011,pass-fail
1126,all,pass,NA,Sharanowski_2011,all-pass
1127,all,fail,NA,Sharanowski_2011,all-fail
1128,pass,fail,NA,Sharanowski_2011,pass-fail
1129,all,pass,0.454104447,Sharanowski_2011,all-pass
1130,all,fail,0.531650917,Sharanowski_2011,all-fail
1131,pass,fail,0.592285909,Sharanowski_2011,pass-fail
1132,all,pass,NA,Sharanowski_2011,all-pass
1133,all,fail,NA,Sharanowski_2011,all-fail
1134,pass,fail,NA,Sharanowski_2011,pass-fail
1135,all,pass,NA,Sharanowski_2011,all-pass
1136,all,fail,NA,Sharanowski_2011,all-fail
1137,pass,fail,NA,Sharanowski_2011,pass-fail
1138,all,pass,NA,Sharanowski_2011,all-pass
1139,all,fail,NA,Sharanowski_2011,all-fail
1140,pass,fail,NA,Sharanowski_2011,pass-fail
1141,all,pass,0.334595948,Siler_2013,all-pass
1142,all,fail,0.334235196,Siler_2013,all-fail
1143,pass,fail,0.509826894,Siler_2013,pass-fail
1144,all,pass,0.332204884,Siler_2013,all-pass
1145,all,fail,0.376533676,Siler_2013,all-fail
1146,pass,fail,0.470822592,Siler_2013,pass-fail
1147,all,pass,0.292443209,Siler_2013,all-pass
1148,all,fail,0.330044723,Siler_2013,all-fail
1149,pass,fail,0.448043481,Siler_2013,pass-fail
1150,all,pass,0.394711839,Siler_2013,all-pass
1151,all,fail,0.254294384,Siler_2013,all-fail
1152,pass,fail,0.45750066,Siler_2013,pass-fail
1153,all,pass,0.354226221,Siler_2013,all-pass
1154,all,fail,0.366431979,Siler_2013,all-fail
1155,pass,fail,0.382042551,Siler_2013,pass-fail
1156,all,pass,NA,Siler_2013,all-pass
1157,all,fail,NA,Siler_2013,all-fail
1158,pass,fail,NA,Siler_2013,pass-fail
1159,all,pass,0.166129464,Siler_2013,all-pass
1160,all,fail,0.452890503,Siler_2013,all-fail
1161,pass,fail,0.455047224,Siler_2013,pass-fail
1162,all,pass,0.215306655,Siler_2013,all-pass
1163,all,fail,0.407010395,Siler_2013,all-fail
1164,pass,fail,0.449352854,Siler_2013,pass-fail
1165,all,pass,0.305321236,Siler_2013,all-pass
1166,all,fail,0.215664594,Siler_2013,all-fail
1167,pass,fail,0.354140188,Siler_2013,pass-fail
1168,all,pass,NA,Siler_2013,all-pass
1169,all,fail,NA,Siler_2013,all-fail
1170,pass,fail,NA,Siler_2013,pass-fail
1171,all,pass,0.33044617,Siler_2013,all-pass
1172,all,fail,0.336096842,Siler_2013,all-fail
1173,pass,fail,0.512228493,Siler_2013,pass-fail
1174,all,pass,0.389278001,Siler_2013,all-pass
1175,all,fail,0.217961722,Siler_2013,all-fail
1176,pass,fail,0.430210064,Siler_2013,pass-fail
1177,all,pass,0.251281939,Siler_2013,all-pass
1178,all,fail,0.406115609,Siler_2013,all-fail
1179,pass,fail,0.484518052,Siler_2013,pass-fail
1180,all,pass,0.183204818,Siler_2013,all-pass
1181,all,fail,0.312869806,Siler_2013,all-fail
1182,pass,fail,0.340407101,Siler_2013,pass-fail
1183,all,pass,0.305982833,Siler_2013,all-pass
1184,all,fail,0.215661051,Siler_2013,all-fail
1185,pass,fail,0.355002185,Siler_2013,pass-fail
1186,all,pass,NA,Siler_2013,all-pass
1187,all,fail,NA,Siler_2013,all-fail
1188,pass,fail,NA,Siler_2013,pass-fail
1189,all,pass,0.326446026,Siler_2013,all-pass
1190,all,fail,0.377775748,Siler_2013,all-fail
1191,pass,fail,0.46037714,Siler_2013,pass-fail
1192,all,pass,0.257958449,Siler_2013,all-pass
1193,all,fail,0.40451651,Siler_2013,all-fail
1194,pass,fail,0.430736684,Siler_2013,pass-fail
1195,all,pass,0.183748936,Siler_2013,all-pass
1196,all,fail,0.321950248,Siler_2013,all-fail
1197,pass,fail,0.340540367,Siler_2013,pass-fail
1198,all,pass,0.251943983,Siler_2013,all-pass
1199,all,fail,0.486869774,Siler_2013,all-fail
1200,pass,fail,0.542230787,Siler_2013,pass-fail
1201,all,pass,NA,Tolley_2013,all-pass
1202,all,fail,NA,Tolley_2013,all-fail
1203,pass,fail,NA,Tolley_2013,pass-fail
1204,all,pass,NA,Tolley_2013,all-pass
1205,all,fail,NA,Tolley_2013,all-fail
1206,pass,fail,NA,Tolley_2013,pass-fail
1207,all,pass,NA,Tolley_2013,all-pass
1208,all,fail,NA,Tolley_2013,all-fail
1209,pass,fail,NA,Tolley_2013,pass-fail
1210,all,pass,NA,Tolley_2013,all-pass
1211,all,fail,NA,Tolley_2013,all-fail
1212,pass,fail,NA,Tolley_2013,pass-fail
1213,all,pass,NA,Tolley_2013,all-pass
1214,all,fail,NA,Tolley_2013,all-fail
1215,pass,fail,NA,Tolley_2013,pass-fail
1216,all,pass,NA,Tolley_2013,all-pass
1217,all,fail,NA,Tolley_2013,all-fail
1218,pass,fail,NA,Tolley_2013,pass-fail
1219,all,pass,NA,Tolley_2013,all-pass
1220,all,fail,NA,Tolley_2013,all-fail
1221,pass,fail,NA,Tolley_2013,pass-fail
1222,all,pass,NA,Tolley_2013,all-pass
1223,all,fail,NA,Tolley_2013,all-fail
1224,pass,fail,NA,Tolley_2013,pass-fail
1225,all,pass,NA,Tolley_2013,all-pass
1226,all,fail,NA,Tolley_2013,all-fail
1227,pass,fail,NA,Tolley_2013,pass-fail
1228,all,pass,NA,Tolley_2013,all-pass
1229,all,fail,NA,Tolley_2013,all-fail
1230,pass,fail,NA,Tolley_2013,pass-fail
1231,all,pass,NA,Tolley_2013,all-pass
1232,all,fail,NA,Tolley_2013,all-fail
1233,pass,fail,NA,Tolley_2013,pass-fail
1234,all,pass,NA,Tolley_2013,all-pass
1235,all,fail,NA,Tolley_2013,all-fail
1236,pass,fail,NA,Tolley_2013,pass-fail
1237,all,pass,NA,Tolley_2013,all-pass
1238,all,fail,NA,Tolley_2013,all-fail
1239,pass,fail,NA,Tolley_2013,pass-fail
1240,all,pass,NA,Tolley_2013,all-pass
1241,all,fail,NA,Tolley_2013,all-fail
1242,pass,fail,NA,Tolley_2013,pass-fail
1243,all,pass,NA,Tolley_2013,all-pass
1244,all,fail,NA,Tolley_2013,all-fail
1245,pass,fail,NA,Tolley_2013,pass-fail
1246,all,pass,NA,Tolley_2013,all-pass
1247,all,fail,NA,Tolley_2013,all-fail
1248,pass,fail,NA,Tolley_2013,pass-fail
1249,all,pass,NA,Tolley_2013,all-pass
1250,all,fail,NA,Tolley_2013,all-fail
1251,pass,fail,NA,Tolley_2013,pass-fail
1252,all,pass,NA,Tolley_2013,all-pass
1253,all,fail,NA,Tolley_2013,all-fail
1254,pass,fail,NA,Tolley_2013,pass-fail
1255,all,pass,NA,Tolley_2013,all-pass
1256,all,fail,NA,Tolley_2013,all-fail
1257,pass,fail,NA,Tolley_2013,pass-fail
1258,all,pass,NA,Tolley_2013,all-pass
1259,all,fail,NA,Tolley_2013,all-fail
1260,pass,fail,NA,Tolley_2013,pass-fail
1261,all,pass,NA,Unmack_2013,all-pass
1262,all,fail,NA,Unmack_2013,all-fail
1263,pass,fail,NA,Unmack_2013,pass-fail
1264,all,pass,NA,Unmack_2013,all-pass
1265,all,fail,NA,Unmack_2013,all-fail
1266,pass,fail,NA,Unmack_2013,pass-fail
1267,all,pass,NA,Unmack_2013,all-pass
1268,all,fail,NA,Unmack_2013,all-fail
1269,pass,fail,NA,Unmack_2013,pass-fail
1270,all,pass,NA,Unmack_2013,all-pass
1271,all,fail,NA,Unmack_2013,all-fail
1272,pass,fail,NA,Unmack_2013,pass-fail
1273,all,pass,NA,Unmack_2013,all-pass
1274,all,fail,NA,Unmack_2013,all-fail
1275,pass,fail,NA,Unmack_2013,pass-fail
1276,all,pass,NA,Unmack_2013,all-pass
1277,all,fail,NA,Unmack_2013,all-fail
1278,pass,fail,NA,Unmack_2013,pass-fail
1279,all,pass,NA,Unmack_2013,all-pass
1280,all,fail,NA,Unmack_2013,all-fail
1281,pass,fail,NA,Unmack_2013,pass-fail
1282,all,pass,NA,Unmack_2013,all-pass
1283,all,fail,NA,Unmack_2013,all-fail
1284,pass,fail,NA,Unmack_2013,pass-fail
1285,all,pass,NA,Unmack_2013,all-pass
1286,all,fail,NA,Unmack_2013,all-fail
1287,pass,fail,NA,Unmack_2013,pass-fail
1288,all,pass,NA,Unmack_2013,all-pass
1289,all,fail,NA,Unmack_2013,all-fail
1290,pass,fail,NA,Unmack_2013,pass-fail
1291,all,pass,NA,Unmack_2013,all-pass
1292,all,fail,NA,Unmack_2013,all-fail
1293,pass,fail,NA,Unmack_2013,pass-fail
1294,all,pass,NA,Unmack_2013,all-pass
1295,all,fail,NA,Unmack_2013,all-fail
1296,pass,fail,NA,Unmack_2013,pass-fail
1297,all,pass,NA,Unmack_2013,all-pass
1298,all,fail,NA,Unmack_2013,all-fail
1299,pass,fail,NA,Unmack_2013,pass-fail
1300,all,pass,NA,Unmack_2013,all-pass
1301,all,fail,NA,Unmack_2013,all-fail
1302,pass,fail,NA,Unmack_2013,pass-fail
1303,all,pass,NA,Unmack_2013,all-pass
1304,all,fail,NA,Unmack_2013,all-fail
1305,pass,fail,NA,Unmack_2013,pass-fail
1306,all,pass,NA,Unmack_2013,all-pass
1307,all,fail,NA,Unmack_2013,all-fail
1308,pass,fail,NA,Unmack_2013,pass-fail
1309,all,pass,NA,Unmack_2013,all-pass
1310,all,fail,NA,Unmack_2013,all-fail
1311,pass,fail,NA,Unmack_2013,pass-fail
1312,all,pass,NA,Unmack_2013,all-pass
1313,all,fail,NA,Unmack_2013,all-fail
1314,pass,fail,NA,Unmack_2013,pass-fail
1315,all,pass,NA,Unmack_2013,all-pass
1316,all,fail,NA,Unmack_2013,all-fail
1317,pass,fail,NA,Unmack_2013,pass-fail
1318,all,pass,NA,Unmack_2013,all-pass
1319,all,fail,NA,Unmack_2013,all-fail
1320,pass,fail,NA,Unmack_2013,pass-fail
1321,all,pass,0.181670202,Wainwright_2012,all-pass
1322,all,fail,0.551697191,Wainwright_2012,all-fail
1323,pass,fail,0.534652429,Wainwright_2012,pass-fail
1324,all,pass,0.219961464,Wainwright_2012,all-pass
1325,all,fail,0.425548798,Wainwright_2012,all-fail
1326,pass,fail,0.484670217,Wainwright_2012,pass-fail
1327,all,pass,0.258902533,Wainwright_2012,all-pass
1328,all,fail,0.541306802,Wainwright_2012,all-fail
1329,pass,fail,0.558416258,Wainwright_2012,pass-fail
1330,all,pass,0.352170382,Wainwright_2012,all-pass
1331,all,fail,0.26027639,Wainwright_2012,all-fail
1332,pass,fail,0.412024907,Wainwright_2012,pass-fail
1333,all,pass,0.305081094,Wainwright_2012,all-pass
1334,all,fail,0.235212537,Wainwright_2012,all-fail
1335,pass,fail,0.371881826,Wainwright_2012,pass-fail
1336,all,pass,0.225505746,Wainwright_2012,all-pass
1337,all,fail,0.43591461,Wainwright_2012,all-fail
1338,pass,fail,0.458900201,Wainwright_2012,pass-fail
1339,all,pass,0.275719864,Wainwright_2012,all-pass
1340,all,fail,0.245145769,Wainwright_2012,all-fail
1341,pass,fail,0.33627645,Wainwright_2012,pass-fail
1342,all,pass,0.234072216,Wainwright_2012,all-pass
1343,all,fail,0.444212538,Wainwright_2012,all-fail
1344,pass,fail,0.475987822,Wainwright_2012,pass-fail
1345,all,pass,0.252645077,Wainwright_2012,all-pass
1346,all,fail,0.333837492,Wainwright_2012,all-fail
1347,pass,fail,0.429409177,Wainwright_2012,pass-fail
1348,all,pass,0.30583038,Wainwright_2012,all-pass
1349,all,fail,0.404643376,Wainwright_2012,all-fail
1350,pass,fail,0.475630367,Wainwright_2012,pass-fail
1351,all,pass,0.291768785,Wainwright_2012,all-pass
1352,all,fail,0.411746825,Wainwright_2012,all-fail
1353,pass,fail,0.486332834,Wainwright_2012,pass-fail
1354,all,pass,0.288110384,Wainwright_2012,all-pass
1355,all,fail,0.374166492,Wainwright_2012,all-fail
1356,pass,fail,0.432011198,Wainwright_2012,pass-fail
1357,all,pass,0.220467274,Wainwright_2012,all-pass
1358,all,fail,0.409852614,Wainwright_2012,all-fail
1359,pass,fail,0.503079018,Wainwright_2012,pass-fail
1360,all,pass,0.396786582,Wainwright_2012,all-pass
1361,all,fail,0.274261177,Wainwright_2012,all-fail
1362,pass,fail,0.405029607,Wainwright_2012,pass-fail
1363,all,pass,0.519092313,Wainwright_2012,all-pass
1364,all,fail,0.252286599,Wainwright_2012,all-fail
1365,pass,fail,0.607663007,Wainwright_2012,pass-fail
1366,all,pass,0.255244706,Wainwright_2012,all-pass
1367,all,fail,0.372117511,Wainwright_2012,all-fail
1368,pass,fail,0.452958869,Wainwright_2012,pass-fail
1369,all,pass,0.308948489,Wainwright_2012,all-pass
1370,all,fail,0.333781418,Wainwright_2012,all-fail
1371,pass,fail,0.390151638,Wainwright_2012,pass-fail
1372,all,pass,0.273193384,Wainwright_2012,all-pass
1373,all,fail,0.311573139,Wainwright_2012,all-fail
1374,pass,fail,0.371119063,Wainwright_2012,pass-fail
1375,all,pass,0.483332875,Wainwright_2012,all-pass
1376,all,fail,0.336256207,Wainwright_2012,all-fail
1377,pass,fail,0.595539817,Wainwright_2012,pass-fail
1378,all,pass,0.21646668,Wainwright_2012,all-pass
1379,all,fail,0.442710261,Wainwright_2012,all-fail
1380,pass,fail,0.447892189,Wainwright_2012,pass-fail
1381,all,pass,0.354810021,Wood_2012,all-pass
1382,all,fail,0.444456477,Wood_2012,all-fail
1383,pass,fail,0.575960039,Wood_2012,pass-fail
1384,all,pass,0.353252909,Wood_2012,all-pass
1385,all,fail,0.420693471,Wood_2012,all-fail
1386,pass,fail,0.550177046,Wood_2012,pass-fail
1387,all,pass,0.485838226,Wood_2012,all-pass
1388,all,fail,0.323730117,Wood_2012,all-fail
1389,pass,fail,0.576585736,Wood_2012,pass-fail
1390,all,pass,0.566930517,Wood_2012,all-pass
1391,all,fail,0.363438007,Wood_2012,all-fail
1392,pass,fail,0.683319996,Wood_2012,pass-fail
1393,all,pass,0.36529777,Wood_2012,all-pass
1394,all,fail,0.638826067,Wood_2012,all-fail
1395,pass,fail,0.686670871,Wood_2012,pass-fail
1396,all,pass,0.618555543,Wood_2012,all-pass
1397,all,fail,0.368568942,Wood_2012,all-fail
1398,pass,fail,0.680634486,Wood_2012,pass-fail
1399,all,pass,0.767062715,Wood_2012,all-pass
1400,all,fail,0.289654419,Wood_2012,all-fail
1401,pass,fail,0.777489651,Wood_2012,pass-fail
1402,all,pass,0.535670755,Wood_2012,all-pass
1403,all,fail,0.304156709,Wood_2012,all-fail
1404,pass,fail,0.66552106,Wood_2012,pass-fail
1405,all,pass,0.707319299,Wood_2012,all-pass
1406,all,fail,0.351150449,Wood_2012,all-fail
1407,pass,fail,0.839709209,Wood_2012,pass-fail
1408,all,pass,0.357147734,Wood_2012,all-pass
1409,all,fail,0.340522677,Wood_2012,all-fail
1410,pass,fail,0.432923723,Wood_2012,pass-fail
1411,all,pass,0.537812096,Wood_2012,all-pass
1412,all,fail,0.311110018,Wood_2012,all-fail
1413,pass,fail,0.578553083,Wood_2012,pass-fail
1414,all,pass,0.367204716,Wood_2012,all-pass
1415,all,fail,0.579142623,Wood_2012,all-fail
1416,pass,fail,0.689939511,Wood_2012,pass-fail
1417,all,pass,0.471516547,Wood_2012,all-pass
1418,all,fail,0.37190635,Wood_2012,all-fail
1419,pass,fail,0.610626245,Wood_2012,pass-fail
1420,all,pass,0.37551792,Wood_2012,all-pass
1421,all,fail,0.434525954,Wood_2012,all-fail
1422,pass,fail,0.567929601,Wood_2012,pass-fail
1423,all,pass,0.486539223,Wood_2012,all-pass
1424,all,fail,0.304689301,Wood_2012,all-fail
1425,pass,fail,0.609083872,Wood_2012,pass-fail
1426,all,pass,0.569956971,Wood_2012,all-pass
1427,all,fail,0.363759284,Wood_2012,all-fail
1428,pass,fail,0.689817333,Wood_2012,pass-fail
1429,all,pass,0.319965094,Wood_2012,all-pass
1430,all,fail,0.511675855,Wood_2012,all-fail
1431,pass,fail,0.618684829,Wood_2012,pass-fail
1432,all,pass,0.366122776,Wood_2012,all-pass
1433,all,fail,0.614764444,Wood_2012,all-fail
1434,pass,fail,0.7118137,Wood_2012,pass-fail
1435,all,pass,0.749601417,Wood_2012,all-pass
1436,all,fail,0.362498374,Wood_2012,all-fail
1437,pass,fail,0.825730169,Wood_2012,pass-fail
1438,all,pass,0.366610674,Wood_2012,all-pass
1439,all,fail,0.639934657,Wood_2012,all-fail
1440,pass,fail,0.687901098,Wood_2012,pass-fail
